{
	code: "claybrickstairs",
	class: "BlockStairs",
	variantgroups: [
		{ code:"type", states: ["blue", "brown", "fire", "red"] },
		{ loadFromProperties: "abstract/verticalorientation" },
		{ loadFromProperties: "abstract/horizontalorientation" }
	],
	creativeinventory: { "general": ["claybrickstairs-{type}-up-north"], "construction": ["claybrickstairs-{type}-up-north"] },
	sidesolidByType: {	
		"*-up-north": { all:false, down:true, north: true },
		"*-up-west": { all:false, down:true, west: true },
		"*-up-south": { all:false, down:true, south: true },
		"*-up-east": { all:false, down:true, east: true },
		"*-down-north": { all:false, up:true, north: true },
		"*-down-west": { all:false, up:true, west: true },
		"*-down-east": { all:false, up:true, east: true },
		"*-down-south": { all:false, up:true, south: true },
	},
	sideopaqueByType	: {
		"*-up-north": { all:false, down:true, north: true },
		"*-up-west": { all:false, down:true, west: true },
		"*-up-south": { all:false, down:true, south: true },
		"*-up-east": { all:false, down:true, east: true },
		"*-down-north": { all:false, up:true, north: true },
		"*-down-south": { all:false, up:true, south: true },
		"*-down-west": { all:false, up:true, west: true },
		"*-down-east": { all:false, up:true, east: true },
	},
	shapebytype: { 
		"*-up-north": { base: "game:block/basic/stairs", rotateY: 0 },
		"*-up-west": { base: "game:block/basic/stairs", rotateY: 90 },
		"*-up-south": { base: "game:block/basic/stairs", rotateY: 180 },
		"*-up-east": { base: "game:block/basic/stairs", rotateY: 270 },
		"*-down-north": { base: "game:block/basic/stairs", rotateY: 0, rotateZ: 180 },
		"*-down-west": { base: "game:block/basic/stairs", rotateY: 90, rotateX: 180 },
		"*-down-south": { base: "game:block/basic/stairs", rotateY: 180, rotateZ: 180 },
		"*-down-east": { base: "game:block/basic/stairs", rotateY: 270, rotateX: 180 }
	},
	blockmaterial: "Ceramic",
	textures: {
		all: { base: "game:block/clay/brick/{type}1",
        	alternates: [ { base: "game:block/clay/brick/{type}2" } ] 
        	},
	},
	replaceable: 160,
	resistance: 3,
	sounds: {
		"walk": "walk/stone",
		"place": "block/ceramicplace"
	}
}