{
	code: "claybrickslab",
	class: "BlockSlab",
	replaceable: 200,
	variantgroups: [
        { code:"type", states: ["blue", "brown", "fire", "red"] },
		{ code: "part", states: ["down", "up"] }
	],
	creativeinventory: { "general": ["*-down"], "construction": ["*-down"] },
	shapeByType: {
		"*-down" : { base: "game:block/basic/slab" },
		"*-up" : { base: "game:block/basic/slab-up" },
	},
	sidesolidByType: {
		"*-down": { all: false, down: true },
		"*-up": { all: false, up: true },
	},
	sideopaqueByType: {
		"*-down": { all: false, down: true },
		"*-up": { all: false, up: true },
	},
	sideAo: {
		all:false,
	},
	textures: {
        all: { base: "game:block/clay/brick/{type}1",
        alternates: [ { base: "game:block/clay/brick/{type}2" } ] 
        },
	},
	collisionboxByType: {
		"*-down": { x1: 0, y1: 0, z1: 0,   x2: 1, y2: 0.5, z2: 1 },
		"*-up": { x1: 0, y1: 0.5, z1: 0,   x2: 1, y2: 1, z2: 1 }
	},
	selectionboxByType: {
		"*-down": { x1: 0, y1: 0, z1: 0,   x2: 1, y2: 0.5, z2: 1 },
		"*-up": { x1: 0, y1: 0.5, z1: 0,   x2: 1, y2: 1, z2: 1 }
	},
	sounds: {
        "walk": "walk/stone",
        "place": "block/ceramicplace"
	},
	guiTransform: {
		translation: { x: 0, y: 2, z: 0 },
		origin: { x: 0.5, y: 0.25, z: 0.5 }
	}
}