{
	code: "plankinnercornerstairs",
	class: "BlockStairs",
	variantgroups: [
		{ loadFromProperties: "game:block/woodwithaged" },
		{ loadFromProperties: "game:abstract/verticalorientation" },
		{ loadFromProperties: "game:abstract/horizontalorientation" }
	],
	creativeinventory: { "general": ["plankinnercornerstairs-{woodwithaged}-up-north"], "construction": ["plankinnercornerstairs-{woodwithaged}-up-north"] },
	sidesolidByType: {	
		"*-up-north": { all:false, down:true, north: true },
		"*-up-west": { all:false, down:true, west: true },
		"*-up-south": { all:false, down:true, south: true },
		"*-up-east": { all:false, down:true, east: true },
		"*-down-north": { all:false, up:true, north: true },
		"*-down-west": { all:false, up:true, west: true },
		"*-down-east": { all:false, up:true, east: true },
		"*-down-south": { all:false, up:true, south: true },
	},
	sideopaqueByType	: {
		"*-up-north": { all:false, down:true, north: true },
		"*-up-west": { all:false, down:true, west: true },
		"*-up-south": { all:false, down:true, south: true },
		"*-up-east": { all:false, down:true, east: true },
		"*-down-north": { all:false, up:true, north: true },
		"*-down-south": { all:false, up:true, south: true },
		"*-down-west": { all:false, up:true, west: true },
		"*-down-east": { all:false, up:true, east: true },
	},
	shapebytype: { 
		"*-up-north": { base: "block/innercornerstairs", rotateY: 0 },
		"*-up-west": { base: "block/innercornerstairs", rotateY: 90 },
		"*-up-south": { base: "block/innercornerstairs", rotateY: 180 },
		"*-up-east": { base: "block/innercornerstairs", rotateY: 270 },
		"*-down-north": { base: "block/innercornerstairs", rotateY: 0, rotateZ: 180 },
		"*-down-west": { base: "block/innercornerstairs", rotateY: 90, rotateX: 180 },
		"*-down-south": { base: "block/innercornerstairs", rotateY: 180, rotateZ: 180 },
		"*-down-east": { base: "block/innercornerstairs", rotateY: 270, rotateX: 180 }
	},
	blockmaterial: "Wood",
	drawtype: "json",
	textures: {
		all: { base: "game:block/wood/planks/{woodwithaged}1" },
	},
	lightAbsorption: 99,
	resistance: 3,
	sounds: {
		"place": "game:block/planks",
		"walk": "game:walk/wood"
	},
	combustibleProps: {
		burnTemperature: 800,
		burnDuration: 10,
	},
	materialDensity: 600
}