{
	"editor": {
		"allAngles": false,
		"singleTexture": false
	},
	"textureWidth": 16,
	"textureHeight": 16,
	"textures": {
	},
	"elements": [
		{
			"name": "Cube1",
			"from": [ 0.0, 0.0, 0.0 ], 
			"to": [ 16.0, 8.0, 16.0 ], 
			"faces": {
				"north": { "texture": "#null", "uv": [ 0.0, 0.0, 16.0, 8.0 ] },
				"east": { "texture": "#null", "uv": [ 0.0, 0.0, 16.0, 8.0 ] },
				"south": { "texture": "#null", "uv": [ 0.0, 0.0, 16.0, 8.0 ] },
				"west": { "texture": "#null", "uv": [ 0.0, 0.0, 16.0, 8.0 ] },
				"up": { "texture": "#null", "uv": [ 0.0, 0.0, 16.0, 16.0 ] },
				"down": { "texture": "#null", "uv": [ 0.0, 0.0, 16.0, 16.0 ] }
			},
			"children": [
				{
					"name": "Cube2",
					"from": [ 0.0, 8.0, 0.0 ], 
					"to": [ 16.0, 16.0, 8.0 ], 
					"faces": {
						"north": { "texture": "#null", "uv": [ 0.0, 0.0, 16.0, 8.0 ] },
						"east": { "texture": "#null", "uv": [ 0.0, 0.0, 8.0, 8.0 ] },
						"south": { "texture": "#null", "uv": [ 0.0, 0.0, 16.0, 8.0 ] },
						"west": { "texture": "#null", "uv": [ 0.0, 0.0, 8.0, 8.0 ] },
						"up": { "texture": "#null", "uv": [ 0.0, 0.0, 16.0, 8.0 ] },
						"down": { "texture": "#null", "uv": [ 0.0, 0.0, 16.0, 8.0 ] }
					}
				},
				{
					"name": "Cube3",
					"from": [ 0.0, 8.0, 8.0 ], 
					"to": [ 8.0, 16.0, 16.0 ], 
					"faces": {
						"north": { "texture": "#null", "uv": [ 0.0, 0.0, 8.0, 8.0 ] },
						"east": { "texture": "#null", "uv": [ 0.0, 0.0, 8.0, 8.0 ] },
						"south": { "texture": "#null", "uv": [ 0.0, 0.0, 8.0, 8.0 ] },
						"west": { "texture": "#null", "uv": [ 0.0, 0.0, 8.0, 8.0 ] },
						"up": { "texture": "#null", "uv": [ 0.0, 0.0, 8.0, 8.0 ] },
						"down": { "texture": "#null", "uv": [ 0.0, 0.0, 8.0, 8.0 ] }
					}
				}
			]
		}
	]}