{
	code: "post",
	behaviors: [{name: "LampPostBehavior"}],
	variantgroups: [
		{ code: "style", states: ["industrial", "railroad"] },
		{ code: "type", states: ["empty", "n", "e", "s", "w", "ne", "ns", "nw", "es", "ew", "sw", "nes", "new", "nsw", "esw", "nesw"] }
	],
	creativeinventory: { "general": ["post-{style}-e"], "construction": ["post-{style}-e"] },
	shapebytype: {
		"*-empty": { base: "connector-empty" },
		"*-n": { base: "{style}/connector-w", rotateY: 270 },
		"*-e": { base: "{style}/connector-w", rotateY: 180 },
		"*-s": { base: "{style}/connector-w", rotateY: 90 },
		"*-w": { base: "{style}/connector-w", rotateY: 0 },

		"*-ns": { base: "{style}/connector-ew", rotateY: 90 },
		"*-ew": { base: "{style}/connector-ew", rotateY: 0 },
		
		"*-ne": { base: "{style}/connector-sw", rotateY: 180 },
		"*-nw": { base: "{style}/connector-sw", rotateY: 270 },
		"*-es": { base: "{style}/connector-sw", rotateY: 90 },
		"*-sw": { base: "{style}/connector-sw", rotateY: 0 },
		
		"*-nes": { base: "{style}/connector-nsw", rotateY: 180 },
		"*-new": { base: "{style}/connector-nsw", rotateY: 270 },
		"*-nsw": { base: "{style}/connector-nsw", rotateY: 0 },
		"*-esw": { base: "{style}/connector-nsw", rotateY: 90 },
		
		"*-nesw": { base: "{style}/connector-nesw", rotateY: 0 },
	},
	sidesolid: { all: false, up: true, down: true },
	sideopaque: {all: false},
	sideAo: {all: false},
	blockmaterial: "Wood",
	textures: {
		"all": { base: "block/lamppost/middle"}
	},
	lightAbsorption: 99,
	resistance: 3,
	sounds: {
		"place": "game:block/planks",
		"walk": "game:walk/wood"
	},
	combustibleProps: {
		burnTemperature: 800,
		burnDuration: 10,
	},
	materialDensity: 600,
	collisionSelectionBoxbytype: {
		"*-empty": { x1: 0.25, y1: 0, z1: 0.25, x2: 0.75, y2: 1, z2: 0.75 },
		"*-n": { x1: 0, y1: 0, z1: 0.25, x2: 0.75, y2: 1, z2:  0.75, rotateY: 270},
		"*-e": { x1: 0, y1: 0, z1: 0.25, x2: 0.75, y2: 1, z2:  0.75, rotateY: 180},
		"*-s": { x1: 0, y1: 0, z1: 0.25, x2: 0.75, y2: 1, z2:  0.75, rotateY: 90},
		"*-w": { x1: 0, y1: 0, z1: 0.25, x2: 0.75, y2: 1, z2:  0.75},
		
		"*-ns": { x1: 0, y1: 0, z1: 0.25, x2: 1, y2: 1, z2:  0.75, rotateY: 90},
		"*-ew": { x1: 0, y1: 0, z1: 0.25, x2: 1, y2: 1, z2:  0.75},
	},
	collisionSelectionBoxesbytype: {
		"*-sw": [ { x1: 0.25, y1: 0, z1: 0.25, x2: 0.75, y2: 1, z2: 1 }, { x1: 0, y1: 0, z1: 0.25, x2: 0.25, y2: 1, z2: 0.75, rotateY: 0 } ],
		"*-ne": [ { x1: 0.25, y1: 0, z1: 0.25, x2: 0.75, y2: 1, z2: 1, rotateY: 180 }, { x1: 0, y1: 0, z1: 0.25, x2: 0.25, y2: 1, z2: 0.75, rotateY: 180 } ] ,
		"*-nw": [ { x1: 0.25, y1: 0, z1: 0.25, x2: 0.75, y2: 1, z2: 1, rotateY: 270 }, { x1: 0, y1: 0, z1: 0.25, x2: 0.25, y2: 1, z2: 0.75, rotateY: 270 } ],
		"*-es": [ { x1: 0.25, y1: 0, z1: 0.25, x2: 0.75, y2: 1, z2: 1, rotateY: 90 }, { x1: 0, y1: 0, z1: 0.25, x2: 0.25, y2: 1, z2: 0.75, rotateY: 90 } ],
		
		"*-nes": [ { x1: 0.25, y1: 0, z1: 0, x2: 0.75, y2: 1, z2: 1, rotateY: 180 }, { x1: 0, y1: 0, z1: 0.25, x2: 0.25, y2: 1, z2: 0.75, rotateY: 180 } ],
		"*-new": [ { x1: 0.25, y1: 0, z1: 0, x2: 0.75, y2: 1, z2: 1, rotateY: 270 }, { x1: 0, y1: 0, z1: 0.25, x2: 0.25, y2: 1, z2: 0.75, rotateY: 270 } ],
		"*-nsw": [ { x1: 0.25, y1: 0, z1: 0, x2: 0.75, y2: 1, z2: 1, rotateY: 0 }, { x1: 0, y1: 0, z1: 0.25, x2: 0.25, y2: 1, z2: 0.75, rotateY: 0 } ],
		"*-esw": [ { x1: 0.25, y1: 0, z1: 0, x2: 0.75, y2: 1, z2: 1, rotateY: 90 }, { x1: 0, y1: 0, z1: 0.25, x2: 0.25, y2: 1, z2: 0.75, rotateY: 90 } ],
		
		"*-nesw": [ { x1: 0.25, y1: 0, z1: 0, x2: 0.75, y2: 1, z2: 1 }, { x1: 0, y1: 0, z1: 0.25, x2: 1, y2: 1, z2: 0.75 } ]
	},
}
