{
	code: "ropeladder",
	behaviors: [{name: "RopeLadder"}],
	variantgroups: [
		{ loadFromProperties: "abstract/horizontalorientation" }
	],
	creativeinventory: { "general": ["ropeladder-north"], "decorative": ["ropeladder-north"] },	
	shapeinventory: { base: "block/ropeladder" },
	shapebytype: {
		"*-north": { base: "block/ropeladder", rotateY: 0 },
		"*-east": { base: "block/ropeladder", rotateY: 270 },
		"*-south": { base: "block/ropeladder", rotateY: 180 },
		"*-west": { base: "block/ropeladder", rotateY: 90 }
	},
	blockmaterial: "Plant",
	drawtype: "json",
	textures:{
		"ropewood": {base: "block/ropewood"},
		"normal1": {base: "block/normal1"} 
	},
	replaceable: 500,
	lightAbsorption: 0,
	climbable: true,
	sidesolid: {
		all: false
	},
	sideopaque: {
		all: false
	},
	resistance: 1.5,
	
	sounds: {
		place: "game:block/plant",
		break: "game:block/plant",
	},
	combustibleProps: {
		burnTemperature: 600,
		burnDuration: 12,
	},
	collisionbox: {
		x1: 0, y1: 0, z1: 0, 
		x2: 1, y2: 1, z2: 0.1875,
		rotateYByType: {
			"*-east": 270,
			"*-south": 180,
			"*-west": 90,
			"*-north": 0
		}
	},
	selectionbox: {
		x1: 0, y1: 0, z1: 0, 
		x2: 1, y2: 1, z2: 0.1875,
		rotateYByType: {
			"*-east": 270,
			"*-south": 180,
			"*-west": 90,
			"*-north": 0
		}
	},
	rainPermeable: true,
	materialDensity: 600
}