{
	"editor": {
		"allAngles": false,
		"singleTexture": false
	},
	"textureWidth": 16,
	"textureHeight": 16,
	"textures": {
		"middle": "D:/Github repositories/VintageStoryMods/LampPosts/resources/assets/lampposts/textures/block/lamppost/middle"
	},
	"elements": [
		{
			"name": "Cube1",
			"from": [ 6.0, 0.0, 0.0 ], 
			"to": [ 10.0, 4.0, 10.0 ], 
			"faces": {
				"north": { "texture": "#middle", "uv": [ 0.0, 10.0, 4.0, 14.0 ] },
				"east": { "texture": "#middle", "uv": [ 4.0, 6.0, 8.0, 16.0 ], "rotation": 90 },
				"south": { "texture": "#middle", "uv": [ 2.0, 9.0, 6.0, 13.0 ], "rotation": 180 },
				"west": { "texture": "#middle", "uv": [ 0.0, 6.0, 4.0, 16.0 ], "rotation": 270 },
				"up": { "texture": "#middle", "uv": [ 0.0, 0.0, 4.0, 10.0 ] },
				"down": { "texture": "#middle", "uv": [ 4.0, 0.0, 8.0, 10.0 ] }
			},
			"children": [
				{
					"name": "Cube3",
					"from": [ 0.6, 4.0, 0.2 ], 
					"to": [ 3.5, 16.8, 2.2 ], 
					"rotationOrigin": [ 2.0, 4.0, 0.0 ],
					"rotationX": 40.0,
					"faces": {
						"north": { "texture": "#middle", "uv": [ 0.0, 0.0, 2.5, 12.5 ] },
						"east": { "texture": "#middle", "uv": [ 0.0, 0.0, 2.0, 12.5 ] },
						"south": { "texture": "#middle", "uv": [ 0.0, 0.0, 2.5, 12.5 ] },
						"west": { "texture": "#middle", "uv": [ 0.0, 0.0, 2.0, 12.5 ] },
						"up": { "texture": "#middle", "uv": [ 0.0, 0.0, 2.5, 2.0 ] },
						"down": { "texture": "#middle", "uv": [ 0.0, 0.0, 2.5, 2.0 ] }
					}
				},
				{
					"name": "Cube4",
					"from": [ 0.5, 4.6, 7.9 ], 
					"to": [ 3.4, 17.0, 9.9 ], 
					"rotationOrigin": [ 2.0, 4.0, 11.0 ],
					"rotationX": -40.0,
					"faces": {
						"north": { "texture": "#middle", "uv": [ 0.0, 0.0, 2.5, 12.0 ] },
						"east": { "texture": "#middle", "uv": [ 0.0, 0.0, 2.0, 12.0 ] },
						"south": { "texture": "#middle", "uv": [ 0.0, 0.0, 2.5, 12.0 ] },
						"west": { "texture": "#middle", "uv": [ 0.0, 0.0, 2.0, 12.0 ] },
						"up": { "texture": "#middle", "uv": [ 0.0, 0.0, 2.5, 2.0 ] },
						"down": { "texture": "#middle", "uv": [ 0.0, 0.0, 2.5, 2.0 ] }
					}
				}
			]
		},
		{
			"name": "Cube2",
			"from": [ 6.0, 12.0, 0.0 ], 
			"to": [ 10.0, 16.0, 10.0 ], 
			"faces": {
				"north": { "texture": "#middle", "uv": [ 0.0, 10.0, 4.0, 14.0 ] },
				"east": { "texture": "#middle", "uv": [ 4.0, 6.0, 8.0, 16.0 ], "rotation": 90 },
				"south": { "texture": "#middle", "uv": [ 3.0, 7.0, 7.0, 11.0 ] },
				"west": { "texture": "#middle", "uv": [ 4.0, 0.0, 8.0, 10.0 ], "rotation": 90 },
				"up": { "texture": "#middle", "uv": [ 0.0, 0.0, 4.0, 10.0 ] },
				"down": { "texture": "#middle", "uv": [ 4.0, 0.0, 8.0, 10.0 ] }
			}
		}
	]}