{
	"editor": {
		"allAngles": false,
		"singleTexture": false
	},
	"textureWidth": 16,
	"textureHeight": 16,
	"textures": {
		"middle": "D:/Github repositories/VintageStoryMods/LampPosts/resources/assets/lampposts/textures/block/lamppost/middle"
	},
	"elements": [
		{
			"name": "Cube1",
			"from": [ 6.0, 0.0, 0.0 ], 
			"to": [ 10.0, 4.0, 10.0 ], 
			"faces": {
				"north": { "texture": "#middle", "uv": [ 8.0, 0.0, 12.0, 4.0 ] },
				"east": { "texture": "#middle", "uv": [ 0.0, 0.0, 4.0, 10.0 ], "rotation": 90 },
				"south": { "texture": "#middle", "uv": [ 12.0, 0.0, 16.0, 4.0 ] },
				"west": { "texture": "#middle", "uv": [ 4.0, 0.0, 8.0, 10.0 ], "rotation": 90 },
				"up": { "texture": "#middle", "uv": [ 4.0, 6.0, 8.0, 16.0 ] },
				"down": { "texture": "#middle", "uv": [ 0.0, 6.0, 4.0, 16.0 ] }
			},
			"children": [
				{
					"name": "Cube2",
					"from": [ 0.5, 6.8, -9.8 ], 
					"to": [ 3.5, 9.8, 4.2 ], 
					"rotationOrigin": [ 0.0, 0.0, 0.0 ],
					"rotationX": 45.0,
					"faces": {
						"north": { "texture": "#middle", "uv": [ 0.0, 0.0, 3.0, 3.0 ] },
						"east": { "texture": "#middle", "uv": [ 0.0, 0.0, 3.0, 14.0 ], "rotation": 90 },
						"south": { "texture": "#middle", "uv": [ 0.0, 0.0, 3.0, 3.0 ] },
						"west": { "texture": "#middle", "uv": [ 0.0, 0.0, 3.0, 14.0 ], "rotation": 90 },
						"up": { "texture": "#middle", "uv": [ 0.0, 0.0, 3.0, 14.0 ] },
						"down": { "texture": "#middle", "uv": [ 0.0, 0.0, 3.0, 14.0 ] }
					}
				}
			]
		}
	]}