{
	"editor": {
		"allAngles": false,
		"singleTexture": false
	},
	"textureWidth": 16,
	"textureHeight": 16,
	"textures": {
		"middle": "D:/Github repositories/VintageStoryMods/LampPosts/resources/assets/lampposts/textures/block/lamppost/middle"
	},
	"elements": [
		{
			"name": "support",
			"from": [ 3.5, 4.5, 3.5 ], 
			"to": [ 12.5, 13.0, 12.5 ], 
			"faces": {
				"north": { "texture": "#sides", "uv": [ 0.0, 7.0, 9.0, 15.5 ] },
				"east": { "texture": "#sides", "uv": [ 0.0, 7.0, 9.0, 15.5 ] },
				"south": { "texture": "#sides", "uv": [ 0.0, 7.0, 9.0, 15.5 ] },
				"west": { "texture": "#sides", "uv": [ 0.0, 7.0, 9.0, 15.5 ] },
				"up": { "texture": "#top2", "uv": [ 1.0, 1.0, 10.0, 10.0 ] },
				"down": { "texture": "#top2", "uv": [ 1.0, 1.0, 10.0, 10.0 ] }
			}
		},
		{
			"name": "base",
			"from": [ 2.5, 0.0, 2.5 ], 
			"to": [ 13.5, 4.5, 13.5 ], 
			"faces": {
				"north": { "texture": "#sides", "uv": [ 0.0, 0.0, 11.0, 4.5 ] },
				"east": { "texture": "#sides", "uv": [ 0.0, 0.0, 11.0, 4.5 ] },
				"south": { "texture": "#sides", "uv": [ 0.0, 0.0, 11.0, 4.5 ] },
				"west": { "texture": "#sides", "uv": [ 0.0, 0.0, 11.0, 4.5 ] },
				"up": { "texture": "#top1", "uv": [ 0.0, 0.0, 11.0, 11.0 ] },
				"down": { "texture": "#top1", "uv": [ 0.0, 0.0, 11.0, 11.0 ] }
			}
		},
		{
			"name": "Cube1",
			"from": [ 5.0, 13.0, 5.0 ], 
			"to": [ 11.0, 16.0, 11.0 ], 
			"faces": {
				"north": { "texture": "#middle", "uv": [ 0.0, 0.0, 6.0, 3.0 ] },
				"east": { "texture": "#middle", "uv": [ 0.0, 0.0, 6.0, 3.0 ] },
				"south": { "texture": "#middle", "uv": [ 0.0, 0.0, 6.0, 3.0 ] },
				"west": { "texture": "#middle", "uv": [ 0.0, 0.0, 6.0, 3.0 ] },
				"up": { "texture": "#middle", "uv": [ 10.0, 10.0, 16.0, 16.0 ] },
				"down": { "texture": "#middle", "uv": [ 0.0, 0.0, 6.0, 6.0 ], "enabled": false }
			}
		}
	]}