{
	"editor": {
		"allAngles": false,
		"singleTexture": false
	},
	"textureWidth": 16,
	"textureHeight": 16,
	"textures": {
		"middle": "block/lamppost/middle"
	},
	"elements": [
		{
			"name": "Cube1",
			"from": [ 5.0, 0.0, 5.0 ], 
			"to": [ 11.0, 16.0, 11.0 ], 
			"faces": {
				"north": { "texture": "#middle", "uv": [ 0.0, 0.0, 6.0, 16.0 ] },
				"east": { "texture": "#middle", "uv": [ 0.0, 0.0, 6.0, 16.0 ] },
				"south": { "texture": "#middle", "uv": [ 0.0, 0.0, 6.0, 16.0 ] },
				"west": { "texture": "#middle", "uv": [ 0.0, 0.0, 6.0, 16.0 ] },
				"up": { "texture": "#middle", "uv": [ 10.0, 10.0, 16.0, 16.0 ], "autoUv": false },
				"down": { "texture": "#middle", "uv": [ 10.0, 10.0, 16.0, 16.0 ] }
			}
		}
	]}