{
	"editor": {
		"allAngles": false,
		"singleTexture": false
	},
	"textureWidth": 16,
	"textureHeight": 16,
	"textures": {
		"ropewood": "block/ropewood",
		"normal1": "block/normal1"
	},
	"elements": [
		{
			"name": "Rope1",
			"from": [ 2.0, 0.0, 1.0 ], 
			"to": [ 3.0, 16.0, 2.0 ], 
			"faces": {
				"north": { "texture": "#normal1", "uv": [ 3.0, 0.0, 4.0, 16.0 ] },
				"east": { "texture": "#normal1", "uv": [ 4.0, 0.0, 5.0, 16.0 ], "autoUv": false },
				"south": { "texture": "#normal1", "uv": [ 4.0, 0.0, 5.0, 16.0 ] },
				"west": { "texture": "#normal1", "uv": [ 5.0, 0.0, 6.0, 16.0 ] },
				"up": { "texture": "#normal1", "uv": [ 12.0, 1.0, 13.0, 2.0 ], "rotation": 180 },
				"down": { "texture": "#normal1", "uv": [ 13.0, 15.0, 14.0, 16.0 ] }
			}
		},
		{
			"name": "Rope2",
			"from": [ 13.0, 0.0, 1.0 ], 
			"to": [ 14.0, 16.0, 2.0 ], 
			"faces": {
				"north": { "texture": "#normal1", "uv": [ 0.0, 0.0, 1.0, 16.0 ] },
				"east": { "texture": "#normal1", "uv": [ 1.0, 0.0, 2.0, 16.0 ] },
				"south": { "texture": "#normal1", "uv": [ 2.0, 0.0, 3.0, 16.0 ] },
				"west": { "texture": "#normal1", "uv": [ 3.0, 0.0, 4.0, 16.0 ] },
				"up": { "texture": "#normal1", "uv": [ 12.0, 3.0, 13.0, 4.0 ] },
				"down": { "texture": "#normal1", "uv": [ 11.0, 15.0, 12.0, 16.0 ] }
			}
		},
		{
			"name": "BottomStep",
			"from": [ 1.0, 3.0, 0.5 ], 
			"to": [ 15.0, 5.0, 2.5 ], 
			"faces": {
				"north": { "texture": "#ropewood", "uv": [ 0.0, 6.0, 14.0, 8.0 ] },
				"east": { "texture": "#ropewood", "uv": [ 14.0, 14.0, 16.0, 16.0 ] },
				"south": { "texture": "#ropewood", "uv": [ 1.0, 6.0, 15.0, 8.0 ] },
				"west": { "texture": "#ropewood", "uv": [ 12.0, 14.0, 14.0, 16.0 ] },
				"up": { "texture": "#ropewood", "uv": [ 2.0, 4.0, 16.0, 6.0 ] },
				"down": { "texture": "#ropewood", "uv": [ 2.0, 6.0, 16.0, 8.0 ] }
			}
		},
		{
			"name": "TopStep",
			"from": [ 1.0, 11.0, 0.5 ], 
			"to": [ 15.0, 13.0, 2.5 ], 
			"faces": {
				"north": { "texture": "#ropewood", "uv": [ 2.0, 6.0, 16.0, 8.0 ] },
				"east": { "texture": "#ropewood", "uv": [ 12.0, 12.0, 14.0, 14.0 ] },
				"south": { "texture": "#ropewood", "uv": [ 2.0, 4.0, 16.0, 6.0 ] },
				"west": { "texture": "#ropewood", "uv": [ 14.0, 12.0, 16.0, 14.0 ] },
				"up": { "texture": "#ropewood", "uv": [ 2.0, 2.0, 16.0, 4.0 ] },
				"down": { "texture": "#ropewood", "uv": [ 2.0, 0.0, 16.0, 2.0 ] }
			}
		},
		{
			"name": "Loop1",
			"from": [ 2.0, 2.5, 0.0 ], 
			"to": [ 3.0, 5.5, 3.0 ], 
			"faces": {
				"north": { "texture": "#normal1", "uv": [ 4.0, 11.0, 5.0, 14.0 ] },
				"east": { "texture": "#normal1", "uv": [ 2.0, 5.0, 5.0, 8.0 ] },
				"south": { "texture": "#normal1", "uv": [ 5.0, 3.0, 6.0, 6.0 ] },
				"west": { "texture": "#normal1", "uv": [ 2.0, 5.0, 5.0, 8.0 ] },
				"up": { "texture": "#normal1", "uv": [ 14.0, 1.0, 15.0, 4.0 ] },
				"down": { "texture": "#normal1", "uv": [ 9.0, 3.0, 10.0, 6.0 ] }
			}
		},
		{
			"name": "Loop2",
			"from": [ 2.0, 10.5, 0.0 ], 
			"to": [ 3.0, 13.5, 3.0 ], 
			"faces": {
				"north": { "texture": "#normal1", "uv": [ 1.0, 9.0, 2.0, 12.0 ] },
				"east": { "texture": "#normal1", "uv": [ 2.0, 5.0, 5.0, 8.0 ] },
				"south": { "texture": "#normal1", "uv": [ 2.0, 7.0, 3.0, 10.0 ] },
				"west": { "texture": "#normal1", "uv": [ 2.0, 9.0, 5.0, 12.0 ] },
				"up": { "texture": "#normal1", "uv": [ 13.0, 9.0, 14.0, 12.0 ] },
				"down": { "texture": "#normal1", "uv": [ 10.0, 4.0, 11.0, 7.0 ] }
			}
		},
		{
			"name": "Loop3",
			"from": [ 13.0, 10.5, 0.0 ], 
			"to": [ 14.0, 13.5, 3.0 ], 
			"faces": {
				"north": { "texture": "#normal1", "uv": [ 3.0, 3.0, 4.0, 6.0 ], "rotation": 180 },
				"east": { "texture": "#normal1", "uv": [ 3.0, 2.5, 6.0, 5.5 ] },
				"south": { "texture": "#normal1", "uv": [ 5.0, 7.0, 6.0, 10.0 ], "rotation": 180 },
				"west": { "texture": "#normal1", "uv": [ 1.0, 4.5, 4.0, 7.5 ] },
				"up": { "texture": "#normal1", "uv": [ 13.0, 3.0, 14.0, 6.0 ], "rotation": 180 },
				"down": { "texture": "#normal1", "uv": [ 13.0, 6.0, 14.0, 9.0 ], "rotation": 180 }
			}
		},
		{
			"name": "Loop4",
			"from": [ 13.0, 2.5, 0.0 ], 
			"to": [ 14.0, 5.5, 3.0 ], 
			"faces": {
				"north": { "texture": "#normal1", "uv": [ 1.0, 7.0, 2.0, 10.0 ], "rotation": 180 },
				"east": { "texture": "#normal1", "uv": [ 3.0, 10.5, 6.0, 13.5 ] },
				"south": { "texture": "#normal1", "uv": [ 1.0, 9.0, 2.0, 12.0 ], "rotation": 180 },
				"west": { "texture": "#normal1", "uv": [ 3.0, 2.6, 6.0, 5.6 ] },
				"up": { "texture": "#normal1", "uv": [ 13.0, 5.0, 14.0, 8.0 ], "rotation": 180 },
				"down": { "texture": "#normal1", "uv": [ 13.0, 11.0, 14.0, 14.0 ], "rotation": 180 }
			}
		}
	]}