{
	"editor": {
		"allAngles": false,
		"singleTexture": false
	},
	"textureWidth": 16,
	"textureHeight": 16,
	"textures": {
	},
	"elements": [
		{
			"name": "Face",
			"from": [ 0.0, 0.0, 0.0 ], 
			"to": [ 16.0, 16.0, 0.0 ], 
			"rotationOrigin": [ 0.0, 0.0, 0.0 ],
			"rotationX": 90.0,
			"faces": {
				"north": { "texture": "#null", "uv": [ 0.0, 0.0, 16.0, 16.0 ], "enabled": false },
				"east": { "texture": "#null", "uv": [ 0.0, 0.0, 0.0, 16.0 ], "enabled": false },
				"south": { "texture": "#null", "uv": [ 0.0, 0.0, 16.0, 16.0 ] },
				"west": { "texture": "#null", "uv": [ 0.0, 0.0, 0.0, 16.0 ], "enabled": false },
				"up": { "texture": "#null", "uv": [ 0.0, 0.0, 16.0, 0.0 ], "enabled": false },
				"down": { "texture": "#null", "uv": [ 0.0, 0.0, 16.0, 0.0 ], "enabled": false }
			}
		},
		{
			"name": "Cube4",
			"from": [ 5.0, 0.0, 8.0 ], 
			"to": [ 5.5, 0.2, 8.5 ], 
			"faces": {
				"north": { "texture": "#null", "uv": [ 0.0, 0.0, 0.5, 0.0 ] },
				"east": { "texture": "#null", "uv": [ 0.0, 0.0, 0.5, 0.0 ] },
				"south": { "texture": "#null", "uv": [ 0.0, 0.0, 0.5, 0.0 ] },
				"west": { "texture": "#null", "uv": [ 0.0, 0.0, 0.5, 0.0 ] },
				"up": { "texture": "#null", "uv": [ 0.0, 0.0, 0.5, 0.5 ] },
				"down": { "texture": "#null", "uv": [ 0.0, 0.0, 0.5, 0.5 ] }
			}
		},
		{
			"name": "Cube5",
			"from": [ 2.0, 0.0, 7.0 ], 
			"to": [ 3.0, 0.2, 7.5 ], 
			"faces": {
				"north": { "texture": "#null", "uv": [ 0.0, 0.0, 1.0, 0.0 ] },
				"east": { "texture": "#null", "uv": [ 0.0, 0.0, 0.5, 0.0 ] },
				"south": { "texture": "#null", "uv": [ 0.0, 0.0, 1.0, 0.0 ] },
				"west": { "texture": "#null", "uv": [ 0.0, 0.0, 0.5, 0.0 ] },
				"up": { "texture": "#null", "uv": [ 0.0, 0.0, 1.0, 0.5 ] },
				"down": { "texture": "#null", "uv": [ 0.0, 0.0, 1.0, 0.5 ] }
			}
		},
		{
			"name": "Cube8",
			"from": [ 7.0, 0.0, 13.0 ], 
			"to": [ 7.5, 0.2, 14.0 ], 
			"faces": {
				"north": { "texture": "#null", "uv": [ 0.0, 0.0, 0.5, 0.0 ] },
				"east": { "texture": "#null", "uv": [ 0.0, 0.0, 1.0, 0.0 ] },
				"south": { "texture": "#null", "uv": [ 0.0, 0.0, 0.5, 0.0 ] },
				"west": { "texture": "#null", "uv": [ 0.0, 0.0, 1.0, 0.0 ] },
				"up": { "texture": "#null", "uv": [ 0.0, 0.0, 0.5, 1.0 ] },
				"down": { "texture": "#null", "uv": [ 0.0, 0.0, 0.5, 1.0 ] }
			}
		},
		{
			"name": "Cube9",
			"from": [ 8.0, 0.0, 10.0 ], 
			"to": [ 8.5, 0.2, 10.5 ], 
			"faces": {
				"north": { "texture": "#null", "uv": [ 0.0, 0.0, 0.5, 0.0 ] },
				"east": { "texture": "#null", "uv": [ 0.0, 0.0, 0.5, 0.0 ] },
				"south": { "texture": "#null", "uv": [ 0.0, 0.0, 0.5, 0.0 ] },
				"west": { "texture": "#null", "uv": [ 0.0, 0.0, 0.5, 0.0 ] },
				"up": { "texture": "#null", "uv": [ 0.0, 0.0, 0.5, 0.5 ] },
				"down": { "texture": "#null", "uv": [ 0.0, 0.0, 0.5, 0.5 ] }
			}
		},
		{
			"name": "Cube10",
			"from": [ 8.5, 0.0, 7.0 ], 
			"to": [ 9.0, 0.2, 7.5 ], 
			"faces": {
				"north": { "texture": "#null", "uv": [ 0.0, 0.0, 0.5, 0.0 ] },
				"east": { "texture": "#null", "uv": [ 0.0, 0.0, 0.5, 0.0 ] },
				"south": { "texture": "#null", "uv": [ 0.0, 0.0, 0.5, 0.0 ] },
				"west": { "texture": "#null", "uv": [ 0.0, 0.0, 0.5, 0.0 ] },
				"up": { "texture": "#null", "uv": [ 0.0, 0.0, 0.5, 0.5 ] },
				"down": { "texture": "#null", "uv": [ 0.0, 0.0, 0.5, 0.5 ] }
			}
		},
		{
			"name": "Cube11",
			"from": [ 1.0, 0.0, 9.0 ], 
			"to": [ 1.5, 0.2, 9.5 ], 
			"faces": {
				"north": { "texture": "#null", "uv": [ 0.0, 0.0, 0.5, 0.0 ] },
				"east": { "texture": "#null", "uv": [ 0.0, 0.0, 0.5, 0.0 ] },
				"south": { "texture": "#null", "uv": [ 0.0, 0.0, 0.5, 0.0 ] },
				"west": { "texture": "#null", "uv": [ 0.0, 0.0, 0.5, 0.0 ] },
				"up": { "texture": "#null", "uv": [ 0.0, 0.0, 0.5, 0.5 ] },
				"down": { "texture": "#null", "uv": [ 0.0, 0.0, 0.5, 0.5 ] }
			}
		},
		{
			"name": "Cube12",
			"from": [ 9.0, 0.0, 14.0 ], 
			"to": [ 9.5, 0.2, 14.5 ], 
			"faces": {
				"north": { "texture": "#null", "uv": [ 0.0, 0.0, 0.5, 0.0 ] },
				"east": { "texture": "#null", "uv": [ 0.0, 0.0, 0.5, 0.0 ] },
				"south": { "texture": "#null", "uv": [ 0.0, 0.0, 0.5, 0.0 ] },
				"west": { "texture": "#null", "uv": [ 0.0, 0.0, 0.5, 0.0 ] },
				"up": { "texture": "#null", "uv": [ 0.0, 0.0, 0.5, 0.5 ] },
				"down": { "texture": "#null", "uv": [ 0.0, 0.0, 0.5, 0.5 ] }
			}
		}
	]}