{
	"editor": {
		"allAngles": false,
		"singleTexture": false
	},
	"textureWidth": 16,
	"textureHeight": 16,
	"textures": {
		"middle": "D:/Github repositories/VintageStoryMods/LampPosts/resources/assets/lampposts/textures/block/lamppost/middle"
	},
	"elements": [
		{
			"name": "Cube1",
			"from": [ 6.0, 0.0, 6.0 ], 
			"to": [ 10.0, 1.0, 10.0 ], 
			"rotationOrigin": [ 8.0, 8.0, 8.0 ],
			"faces": {
				"north": { "texture": "#middle", "uv": [ 0.0, 0.0, 4.0, 1.0 ] },
				"east": { "texture": "#middle", "uv": [ 0.0, 0.0, 1.0, 4.0 ], "rotation": 90 },
				"south": { "texture": "#middle", "uv": [ 0.0, 0.0, 4.0, 1.0 ] },
				"west": { "texture": "#middle", "uv": [ 0.0, 0.0, 1.0, 4.0 ], "rotation": 90 },
				"up": { "texture": "#middle", "uv": [ 0.0, 0.0, 4.0, 4.0 ] },
				"down": { "texture": "#middle", "uv": [ 0.0, 0.0, 4.0, 4.0 ] }
			},
			"children": [
				{
					"name": "Cube2",
					"from": [ 0.0, 0.0, -6.0 ], 
					"to": [ 4.0, 1.0, -4.0 ], 
					"faces": {
						"north": { "texture": "#middle", "uv": [ 0.0, 0.0, 4.0, 1.0 ] },
						"east": { "texture": "#middle", "uv": [ 0.0, 0.0, 1.0, 2.0 ], "rotation": 90 },
						"south": { "texture": "#middle", "uv": [ 0.0, 0.0, 4.0, 1.0 ] },
						"west": { "texture": "#middle", "uv": [ 0.0, 0.0, 1.0, 2.0 ], "rotation": 90 },
						"up": { "texture": "#middle", "uv": [ 0.0, 0.0, 4.0, 2.0 ] },
						"down": { "texture": "#middle", "uv": [ 0.0, 0.0, 4.0, 2.0 ] }
					}
				},
				{
					"name": "Cube3",
					"from": [ 0.0, 15.0, -6.0 ], 
					"to": [ 4.0, 16.0, -4.0 ], 
					"faces": {
						"north": { "texture": "#middle", "uv": [ 0.0, 0.0, 4.0, 1.0 ] },
						"east": { "texture": "#middle", "uv": [ 0.0, 0.0, 1.0, 2.0 ], "rotation": 90 },
						"south": { "texture": "#middle", "uv": [ 0.0, 0.0, 4.0, 1.0 ] },
						"west": { "texture": "#middle", "uv": [ 0.0, 0.0, 1.0, 2.0 ], "rotation": 90 },
						"up": { "texture": "#middle", "uv": [ 0.0, 0.0, 4.0, 2.0 ] },
						"down": { "texture": "#middle", "uv": [ 0.0, 0.0, 4.0, 2.0 ] }
					}
				},
				{
					"name": "Cube4",
					"from": [ 0.5, 1.0, -6.0 ], 
					"to": [ 3.5, 4.0, 6.0 ], 
					"faces": {
						"north": { "texture": "#middle", "uv": [ 0.0, 0.0, 3.0, 3.0 ] },
						"east": { "texture": "#middle", "uv": [ 0.0, 0.0, 3.0, 12.0 ], "rotation": 90 },
						"south": { "texture": "#middle", "uv": [ 0.0, 0.0, 3.0, 3.0 ] },
						"west": { "texture": "#middle", "uv": [ 0.0, 0.0, 3.0, 12.0 ], "rotation": 90 },
						"up": { "texture": "#middle", "uv": [ 0.0, 0.0, 3.0, 12.0 ] },
						"down": { "texture": "#middle", "uv": [ 0.0, 0.0, 3.0, 12.0 ] }
					}
				},
				{
					"name": "Cube5",
					"from": [ 0.5, 12.0, -6.0 ], 
					"to": [ 3.5, 15.0, 6.0 ], 
					"faces": {
						"north": { "texture": "#middle", "uv": [ 0.0, 0.0, 3.0, 3.0 ] },
						"east": { "texture": "#middle", "uv": [ 0.0, 0.0, 3.0, 12.0 ], "rotation": 90 },
						"south": { "texture": "#middle", "uv": [ 0.0, 0.0, 3.0, 3.0 ] },
						"west": { "texture": "#middle", "uv": [ 0.0, 0.0, 3.0, 12.0 ], "rotation": 90 },
						"up": { "texture": "#middle", "uv": [ 0.0, 0.0, 3.0, 12.0 ] },
						"down": { "texture": "#middle", "uv": [ 0.0, 0.0, 3.0, 12.0 ] }
					}
				},
				{
					"name": "Cube7",
					"from": [ 1.0, 4.0, -5.0 ], 
					"to": [ 3.0, 12.0, -3.0 ], 
					"faces": {
						"north": { "texture": "#middle", "uv": [ 0.0, 0.0, 2.0, 8.0 ] },
						"east": { "texture": "#middle", "uv": [ 0.0, 0.0, 2.0, 8.0 ] },
						"south": { "texture": "#middle", "uv": [ 0.0, 0.0, 2.0, 8.0 ] },
						"west": { "texture": "#middle", "uv": [ 0.0, 0.0, 2.0, 8.0 ] },
						"up": { "texture": "#middle", "uv": [ 0.0, 0.0, 2.0, 2.0 ] },
						"down": { "texture": "#middle", "uv": [ 0.0, 0.0, 2.0, 2.0 ] }
					}
				},
				{
					"name": "Cube8",
					"from": [ 1.0, 4.0, -1.0 ], 
					"to": [ 3.0, 12.0, 1.0 ], 
					"faces": {
						"north": { "texture": "#middle", "uv": [ 0.0, 0.0, 2.0, 8.0 ] },
						"east": { "texture": "#middle", "uv": [ 0.0, 0.0, 2.0, 8.0 ] },
						"south": { "texture": "#middle", "uv": [ 0.0, 0.0, 2.0, 8.0 ] },
						"west": { "texture": "#middle", "uv": [ 0.0, 0.0, 2.0, 8.0 ] },
						"up": { "texture": "#middle", "uv": [ 0.0, 0.0, 2.0, 2.0 ] },
						"down": { "texture": "#middle", "uv": [ 0.0, 0.0, 2.0, 2.0 ] }
					}
				},
				{
					"name": "Cube9",
					"from": [ 1.0, 4.0, 3.0 ], 
					"to": [ 3.0, 12.0, 5.0 ], 
					"faces": {
						"north": { "texture": "#middle", "uv": [ 0.0, 0.0, 2.0, 8.0 ] },
						"east": { "texture": "#middle", "uv": [ 0.0, 0.0, 2.0, 8.0 ] },
						"south": { "texture": "#middle", "uv": [ 0.0, 0.0, 2.0, 8.0 ] },
						"west": { "texture": "#middle", "uv": [ 0.0, 0.0, 2.0, 8.0 ] },
						"up": { "texture": "#middle", "uv": [ 0.0, 0.0, 2.0, 2.0 ] },
						"down": { "texture": "#middle", "uv": [ 0.0, 0.0, 2.0, 2.0 ] }
					}
				},
				{
					"name": "Cube10",
					"from": [ 0.0, 15.0, 0.0 ], 
					"to": [ 4.0, 16.0, 4.0 ], 
					"faces": {
						"north": { "texture": "#middle", "uv": [ 0.0, 0.0, 4.0, 1.0 ] },
						"east": { "texture": "#middle", "uv": [ 0.0, 0.0, 1.0, 4.0 ], "rotation": 90 },
						"south": { "texture": "#middle", "uv": [ 0.0, 0.0, 4.0, 1.0 ] },
						"west": { "texture": "#middle", "uv": [ 0.0, 0.0, 1.0, 4.0 ], "rotation": 90 },
						"up": { "texture": "#middle", "uv": [ 0.0, 0.0, 4.0, 4.0 ] },
						"down": { "texture": "#middle", "uv": [ 0.0, 0.0, 4.0, 4.0 ] }
					}
				}
			]
		}
	]}