{
	"editor": {
		"allAngles": false,
		"singleTexture": false
	},
	"textureWidth": 16,
	"textureHeight": 16,
	"textures": {
		"middle": "D:/Github repositories/VintageStoryMods/LampPosts/resources/assets/lampposts/textures/block/lamppost/middle"
	},
	"elements": [
		{
			"name": "Cube1",
			"from": [ 5.0, 0.0, 5.0 ], 
			"to": [ 11.0, 16.0, 11.0 ], 
			"faces": {
				"north": { "texture": "#middle", "uv": [ 0.0, 0.0, 6.0, 16.0 ] },
				"east": { "texture": "#middle", "uv": [ 0.0, 0.0, 6.0, 16.0 ] },
				"south": { "texture": "#middle", "uv": [ 0.0, 0.0, 6.0, 16.0 ] },
				"west": { "texture": "#middle", "uv": [ 0.0, 0.0, 6.0, 16.0 ] },
				"up": { "texture": "#middle", "uv": [ 10.0, 10.0, 16.0, 16.0 ] },
				"down": { "texture": "#middle", "uv": [ 10.0, 10.0, 16.0, 16.0 ] }
			},
			"children": [
				{
					"name": "Cube2",
					"from": [ 1.5, 1.0, -5.0 ], 
					"to": [ 4.5, 4.0, 0.0 ], 
					"rotationOrigin": [ 3.0, 0.0, 3.0 ],
					"faces": {
						"north": { "texture": "#middle", "uv": [ 0.0, 0.0, 3.0, 3.0 ] },
						"east": { "texture": "#middle", "uv": [ 0.0, 0.0, 3.0, 5.0 ], "rotation": 90 },
						"south": { "texture": "#middle", "uv": [ 0.0, 0.0, 3.0, 3.0 ] },
						"west": { "texture": "#middle", "uv": [ 0.0, 0.0, 3.0, 5.0 ], "rotation": 90 },
						"up": { "texture": "#middle", "uv": [ 0.0, 0.0, 3.0, 5.0 ] },
						"down": { "texture": "#middle", "uv": [ 0.0, 0.0, 3.0, 5.0 ] }
					},
					"children": [
						{
							"name": "Cube4",
							"from": [ 0.5, 3.0, 1.0 ], 
							"to": [ 2.5, 11.0, 3.0 ], 
							"rotationOrigin": [ 1.5, 0.0, 8.0 ],
							"faces": {
								"north": { "texture": "#middle", "uv": [ 0.0, 0.0, 2.0, 8.0 ] },
								"east": { "texture": "#middle", "uv": [ 0.0, 0.0, 2.0, 8.0 ] },
								"south": { "texture": "#middle", "uv": [ 0.0, 0.0, 2.0, 8.0 ] },
								"west": { "texture": "#middle", "uv": [ 0.0, 0.0, 2.0, 8.0 ] },
								"up": { "texture": "#middle", "uv": [ 0.0, 0.0, 2.0, 2.0 ] },
								"down": { "texture": "#middle", "uv": [ 0.0, 0.0, 2.0, 2.0 ] }
							}
						},
						{
							"name": "Cube7",
							"from": [ -0.5, -1.0, 0.0 ], 
							"to": [ 3.5, 0.0, 2.0 ], 
							"faces": {
								"north": { "texture": "#middle", "uv": [ 0.0, 0.0, 4.0, 1.0 ] },
								"east": { "texture": "#middle", "uv": [ 0.0, 0.0, 1.0, 2.0 ], "rotation": 90 },
								"south": { "texture": "#middle", "uv": [ 0.0, 0.0, 4.0, 1.0 ] },
								"west": { "texture": "#middle", "uv": [ 0.0, 0.0, 1.0, 2.0 ], "rotation": 90 },
								"up": { "texture": "#middle", "uv": [ 0.0, 0.0, 4.0, 2.0 ] },
								"down": { "texture": "#middle", "uv": [ 0.0, 0.0, 4.0, 2.0 ] }
							}
						},
						{
							"name": "Cube6",
							"from": [ -0.5, 14.0, 0.0 ], 
							"to": [ 3.5, 15.0, 2.0 ], 
							"faces": {
								"north": { "texture": "#middle", "uv": [ 0.0, 0.0, 4.0, 1.0 ] },
								"east": { "texture": "#middle", "uv": [ 0.0, 0.0, 1.0, 2.0 ], "rotation": 90 },
								"south": { "texture": "#middle", "uv": [ 0.0, 0.0, 4.0, 1.0 ] },
								"west": { "texture": "#middle", "uv": [ 0.0, 0.0, 1.0, 2.0 ], "rotation": 90 },
								"up": { "texture": "#middle", "uv": [ 0.0, 0.0, 4.0, 2.0 ] },
								"down": { "texture": "#middle", "uv": [ 0.0, 0.0, 4.0, 2.0 ] }
							}
						},
						{
							"name": "Cube8",
							"from": [ 0.0, 11.0, 0.0 ], 
							"to": [ 3.0, 14.0, 5.0 ], 
							"faces": {
								"north": { "texture": "#middle", "uv": [ 0.0, 0.0, 3.0, 3.0 ] },
								"east": { "texture": "#middle", "uv": [ 0.0, 0.0, 3.0, 5.0 ], "rotation": 90 },
								"south": { "texture": "#middle", "uv": [ 0.0, 0.0, 3.0, 3.0 ] },
								"west": { "texture": "#middle", "uv": [ 0.0, 0.0, 3.0, 5.0 ], "rotation": 90 },
								"up": { "texture": "#middle", "uv": [ 0.0, 0.0, 3.0, 5.0 ] },
								"down": { "texture": "#middle", "uv": [ 0.0, 0.0, 3.0, 5.0 ] }
							}
						}
					]
				},
				{
					"name": "Cube9",
					"from": [ 1.5, 1.0, -5.0 ], 
					"to": [ 4.5, 4.0, 0.0 ], 
					"rotationOrigin": [ 3.0, 0.0, 3.0 ],
					"rotationY": 90.0,
					"faces": {
						"north": { "texture": "#middle", "uv": [ 0.0, 0.0, 3.0, 3.0 ] },
						"east": { "texture": "#middle", "uv": [ 0.0, 0.0, 3.0, 5.0 ], "rotation": 90 },
						"south": { "texture": "#middle", "uv": [ 0.0, 0.0, 3.0, 3.0 ] },
						"west": { "texture": "#middle", "uv": [ 0.0, 0.0, 3.0, 5.0 ], "rotation": 90 },
						"up": { "texture": "#middle", "uv": [ 0.0, 0.0, 3.0, 5.0 ] },
						"down": { "texture": "#middle", "uv": [ 0.0, 0.0, 3.0, 5.0 ] }
					},
					"children": [
						{
							"name": "Cube9",
							"from": [ 0.5, 3.0, 1.0 ], 
							"to": [ 2.5, 11.0, 3.0 ], 
							"rotationOrigin": [ 1.5, 0.0, 8.0 ],
							"faces": {
								"north": { "texture": "#middle", "uv": [ 0.0, 0.0, 2.0, 8.0 ] },
								"east": { "texture": "#middle", "uv": [ 0.0, 0.0, 2.0, 8.0 ] },
								"south": { "texture": "#middle", "uv": [ 0.0, 0.0, 2.0, 8.0 ] },
								"west": { "texture": "#middle", "uv": [ 0.0, 0.0, 2.0, 8.0 ] },
								"up": { "texture": "#middle", "uv": [ 0.0, 0.0, 2.0, 2.0 ] },
								"down": { "texture": "#middle", "uv": [ 0.0, 0.0, 2.0, 2.0 ] }
							}
						},
						{
							"name": "Cube9",
							"from": [ -0.5, -1.0, 0.0 ], 
							"to": [ 3.5, 0.0, 2.0 ], 
							"faces": {
								"north": { "texture": "#middle", "uv": [ 0.0, 0.0, 4.0, 1.0 ] },
								"east": { "texture": "#middle", "uv": [ 0.0, 0.0, 1.0, 2.0 ], "rotation": 90 },
								"south": { "texture": "#middle", "uv": [ 0.0, 0.0, 4.0, 1.0 ] },
								"west": { "texture": "#middle", "uv": [ 0.0, 0.0, 1.0, 2.0 ], "rotation": 90 },
								"up": { "texture": "#middle", "uv": [ 0.0, 0.0, 4.0, 2.0 ] },
								"down": { "texture": "#middle", "uv": [ 0.0, 0.0, 4.0, 2.0 ] }
							}
						},
						{
							"name": "Cube10",
							"from": [ -0.5, 14.0, 0.0 ], 
							"to": [ 3.5, 15.0, 2.0 ], 
							"faces": {
								"north": { "texture": "#middle", "uv": [ 0.0, 0.0, 4.0, 1.0 ] },
								"east": { "texture": "#middle", "uv": [ 0.0, 0.0, 1.0, 2.0 ], "rotation": 90 },
								"south": { "texture": "#middle", "uv": [ 0.0, 0.0, 4.0, 1.0 ] },
								"west": { "texture": "#middle", "uv": [ 0.0, 0.0, 1.0, 2.0 ], "rotation": 90 },
								"up": { "texture": "#middle", "uv": [ 0.0, 0.0, 4.0, 2.0 ] },
								"down": { "texture": "#middle", "uv": [ 0.0, 0.0, 4.0, 2.0 ] }
							}
						},
						{
							"name": "Cube11",
							"from": [ 0.0, 11.0, 0.0 ], 
							"to": [ 3.0, 14.0, 5.0 ], 
							"faces": {
								"north": { "texture": "#middle", "uv": [ 0.0, 0.0, 3.0, 3.0 ] },
								"east": { "texture": "#middle", "uv": [ 0.0, 0.0, 3.0, 5.0 ], "rotation": 90 },
								"south": { "texture": "#middle", "uv": [ 0.0, 0.0, 3.0, 3.0 ] },
								"west": { "texture": "#middle", "uv": [ 0.0, 0.0, 3.0, 5.0 ], "rotation": 90 },
								"up": { "texture": "#middle", "uv": [ 0.0, 0.0, 3.0, 5.0 ] },
								"down": { "texture": "#middle", "uv": [ 0.0, 0.0, 3.0, 5.0 ] }
							}
						}
					]
				},
				{
					"name": "Cube12",
					"from": [ 1.5, 1.0, -5.0 ], 
					"to": [ 4.5, 4.0, 0.0 ], 
					"rotationOrigin": [ 3.0, 0.0, 3.0 ],
					"rotationY": 180.0,
					"faces": {
						"north": { "texture": "#middle", "uv": [ 0.0, 0.0, 3.0, 3.0 ] },
						"east": { "texture": "#middle", "uv": [ 0.0, 0.0, 3.0, 5.0 ], "rotation": 90 },
						"south": { "texture": "#middle", "uv": [ 0.0, 0.0, 3.0, 3.0 ] },
						"west": { "texture": "#middle", "uv": [ 0.0, 0.0, 3.0, 5.0 ], "rotation": 90 },
						"up": { "texture": "#middle", "uv": [ 0.0, 0.0, 3.0, 5.0 ] },
						"down": { "texture": "#middle", "uv": [ 0.0, 0.0, 3.0, 5.0 ] }
					},
					"children": [
						{
							"name": "Cube13",
							"from": [ 0.5, 3.0, 1.0 ], 
							"to": [ 2.5, 11.0, 3.0 ], 
							"rotationOrigin": [ 1.5, 0.0, 8.0 ],
							"faces": {
								"north": { "texture": "#middle", "uv": [ 0.0, 0.0, 2.0, 8.0 ] },
								"east": { "texture": "#middle", "uv": [ 0.0, 0.0, 2.0, 8.0 ] },
								"south": { "texture": "#middle", "uv": [ 0.0, 0.0, 2.0, 8.0 ] },
								"west": { "texture": "#middle", "uv": [ 0.0, 0.0, 2.0, 8.0 ] },
								"up": { "texture": "#middle", "uv": [ 0.0, 0.0, 2.0, 2.0 ] },
								"down": { "texture": "#middle", "uv": [ 0.0, 0.0, 2.0, 2.0 ] }
							}
						},
						{
							"name": "Cube14",
							"from": [ -0.5, -1.0, 0.0 ], 
							"to": [ 3.5, 0.0, 2.0 ], 
							"faces": {
								"north": { "texture": "#middle", "uv": [ 0.0, 0.0, 4.0, 1.0 ] },
								"east": { "texture": "#middle", "uv": [ 0.0, 0.0, 1.0, 2.0 ], "rotation": 90 },
								"south": { "texture": "#middle", "uv": [ 0.0, 0.0, 4.0, 1.0 ] },
								"west": { "texture": "#middle", "uv": [ 0.0, 0.0, 1.0, 2.0 ], "rotation": 90 },
								"up": { "texture": "#middle", "uv": [ 0.0, 0.0, 4.0, 2.0 ] },
								"down": { "texture": "#middle", "uv": [ 0.0, 0.0, 4.0, 2.0 ] }
							}
						},
						{
							"name": "Cube15",
							"from": [ -0.5, 14.0, 0.0 ], 
							"to": [ 3.5, 15.0, 2.0 ], 
							"faces": {
								"north": { "texture": "#middle", "uv": [ 0.0, 0.0, 4.0, 1.0 ] },
								"east": { "texture": "#middle", "uv": [ 0.0, 0.0, 1.0, 2.0 ], "rotation": 90 },
								"south": { "texture": "#middle", "uv": [ 0.0, 0.0, 4.0, 1.0 ] },
								"west": { "texture": "#middle", "uv": [ 0.0, 0.0, 1.0, 2.0 ], "rotation": 90 },
								"up": { "texture": "#middle", "uv": [ 0.0, 0.0, 4.0, 2.0 ] },
								"down": { "texture": "#middle", "uv": [ 0.0, 0.0, 4.0, 2.0 ] }
							}
						},
						{
							"name": "Cube16",
							"from": [ 0.0, 11.0, 0.0 ], 
							"to": [ 3.0, 14.0, 5.0 ], 
							"faces": {
								"north": { "texture": "#middle", "uv": [ 0.0, 0.0, 3.0, 3.0 ] },
								"east": { "texture": "#middle", "uv": [ 0.0, 0.0, 3.0, 5.0 ], "rotation": 90 },
								"south": { "texture": "#middle", "uv": [ 0.0, 0.0, 3.0, 3.0 ] },
								"west": { "texture": "#middle", "uv": [ 0.0, 0.0, 3.0, 5.0 ], "rotation": 90 },
								"up": { "texture": "#middle", "uv": [ 0.0, 0.0, 3.0, 5.0 ] },
								"down": { "texture": "#middle", "uv": [ 0.0, 0.0, 3.0, 5.0 ] }
							}
						}
					]
				},
				{
					"name": "Cube17",
					"from": [ 1.5, 1.0, -5.0 ], 
					"to": [ 4.5, 4.0, 0.0 ], 
					"rotationOrigin": [ 3.0, 0.0, 3.0 ],
					"rotationY": -90.0,
					"faces": {
						"north": { "texture": "#middle", "uv": [ 0.0, 0.0, 3.0, 3.0 ] },
						"east": { "texture": "#middle", "uv": [ 0.0, 0.0, 3.0, 5.0 ], "rotation": 90 },
						"south": { "texture": "#middle", "uv": [ 0.0, 0.0, 3.0, 3.0 ] },
						"west": { "texture": "#middle", "uv": [ 0.0, 0.0, 3.0, 5.0 ], "rotation": 90 },
						"up": { "texture": "#middle", "uv": [ 0.0, 0.0, 3.0, 5.0 ] },
						"down": { "texture": "#middle", "uv": [ 0.0, 0.0, 3.0, 5.0 ] }
					},
					"children": [
						{
							"name": "Cube18",
							"from": [ 0.5, 3.0, 1.0 ], 
							"to": [ 2.5, 11.0, 3.0 ], 
							"rotationOrigin": [ 1.5, 0.0, 8.0 ],
							"faces": {
								"north": { "texture": "#middle", "uv": [ 0.0, 0.0, 2.0, 8.0 ] },
								"east": { "texture": "#middle", "uv": [ 0.0, 0.0, 2.0, 8.0 ] },
								"south": { "texture": "#middle", "uv": [ 0.0, 0.0, 2.0, 8.0 ] },
								"west": { "texture": "#middle", "uv": [ 0.0, 0.0, 2.0, 8.0 ] },
								"up": { "texture": "#middle", "uv": [ 0.0, 0.0, 2.0, 2.0 ] },
								"down": { "texture": "#middle", "uv": [ 0.0, 0.0, 2.0, 2.0 ] }
							}
						},
						{
							"name": "Cube19",
							"from": [ -0.5, -1.0, 0.0 ], 
							"to": [ 3.5, 0.0, 2.0 ], 
							"faces": {
								"north": { "texture": "#middle", "uv": [ 0.0, 0.0, 4.0, 1.0 ] },
								"east": { "texture": "#middle", "uv": [ 0.0, 0.0, 1.0, 2.0 ], "rotation": 90 },
								"south": { "texture": "#middle", "uv": [ 0.0, 0.0, 4.0, 1.0 ] },
								"west": { "texture": "#middle", "uv": [ 0.0, 0.0, 1.0, 2.0 ], "rotation": 90 },
								"up": { "texture": "#middle", "uv": [ 0.0, 0.0, 4.0, 2.0 ] },
								"down": { "texture": "#middle", "uv": [ 0.0, 0.0, 4.0, 2.0 ] }
							}
						},
						{
							"name": "Cube20",
							"from": [ -0.5, 14.0, 0.0 ], 
							"to": [ 3.5, 15.0, 2.0 ], 
							"faces": {
								"north": { "texture": "#middle", "uv": [ 0.0, 0.0, 4.0, 1.0 ] },
								"east": { "texture": "#middle", "uv": [ 0.0, 0.0, 1.0, 2.0 ], "rotation": 90 },
								"south": { "texture": "#middle", "uv": [ 0.0, 0.0, 4.0, 1.0 ] },
								"west": { "texture": "#middle", "uv": [ 0.0, 0.0, 1.0, 2.0 ], "rotation": 90 },
								"up": { "texture": "#middle", "uv": [ 0.0, 0.0, 4.0, 2.0 ] },
								"down": { "texture": "#middle", "uv": [ 0.0, 0.0, 4.0, 2.0 ] }
							}
						},
						{
							"name": "Cube21",
							"from": [ 0.0, 11.0, 0.0 ], 
							"to": [ 3.0, 14.0, 5.0 ], 
							"faces": {
								"north": { "texture": "#middle", "uv": [ 0.0, 0.0, 3.0, 3.0 ] },
								"east": { "texture": "#middle", "uv": [ 0.0, 0.0, 3.0, 5.0 ], "rotation": 90 },
								"south": { "texture": "#middle", "uv": [ 0.0, 0.0, 3.0, 3.0 ] },
								"west": { "texture": "#middle", "uv": [ 0.0, 0.0, 3.0, 5.0 ], "rotation": 90 },
								"up": { "texture": "#middle", "uv": [ 0.0, 0.0, 3.0, 5.0 ] },
								"down": { "texture": "#middle", "uv": [ 0.0, 0.0, 3.0, 5.0 ] }
							}
						}
					]
				}
			]
		}
	]}